Year,Forecast_Affordability_Ratio
2025,8.429272151898733
2026,8.429272151898733
2027,8.429272151898733
2028,8.429272151898733
2029,8.429272151898733
